AMD,SHAN,NVDA,AMZN,GOOGL,IBM
79.28287998516369,3427.989631189217,149.81229657773952,164.7109984371318,117.62419890810287,138.4544092899544
75.98935529135149,3427.989631189217,143.78594948676206,159.52451586738118,114.58769734981163,139.74620057711277
76.82937975420819,3441.1833528244556,144.0830210376159,161.18861360652292,113.50351664707365,137.87515124096927
74.6639167758793,3463.1330516807457,138.88292657254408,157.75725803731382,110.32409330664399,136.27159198191035
73.1018867641736,3429.565467319435,137.6924068702121,158.07557338788826,111.45259277836348,137.82752689039114
74.5918569859808,3490.3000788298273,143.46025765697476,161.15636644095238,113.92019864171156,138.32468047668317
74.65906560590855,3517.790995719653,142.68521551286133,163.529497405419,114.4457836149851,138.73261316261858
74.44129173138715,3529.0675595319835,141.25416963943746,161.62223041743,113.1233919017291,137.57968318369566
76.37553195980142,3514.0609836462672,142.30160785876149,161.62245856890647,113.69153524529699,135.79967785040765
78.04730866409706,3506.7589415093157,147.12452251469853,162.38065012207232,115.34591366499956,137.55140919256232
77.17019900332139,3486.564700473995,151.09408724401337,160.14462957063586,114.7024080041297,138.36554565940995
77.43183925553326,3496.9915270282854,157.0972601345153,162.24019400849883,118.05088429325988,138.36002024144656
77.8739497894768,3581.2061386827418,157.40001348821502,162.94645255949857,118.14631718937514,137.4678909663716
78.51161814325779,3593.633026021181,158.99431343750427,163.37514925974315,119.18746124555979,136.7022303896717
78.43256860969328,3608.962666962358,155.9713897350579,161.50568886914715,118.13071110409764,137.49695950745195
80.09621873070436,3599.824193046574,163.48476695541532,161.1539344806078,117.8420474576851,137.41844720962447
80.86306870416156,3616.73190135559,163.54666847203404,161.1438719846752,119.17867437643342,138.78402936016997
81.97079040151935,3624.886782360155,168.73527606205693,161.69557855400757,118.52754167628635,139.3033174455867
80.25936416875408,3597.3371628959494,170.54844065422748,159.35046666580976,117.37769292373812,139.13751756370846
81.57243243891384,3587.045286864273,176.83151468294648,161.15295269074204,119.69014119801786,140.0058500882375
81.35580341384924,3591.808441430864,177.05346962723416,159.8783356020889,120.11559233436314,141.50347296533062
80.88417965912227,3599.555477125228,175.4364174570104,163.16904549492153,119.91930255732494,142.5142563383396
79.96749078880288,3580.6658159115145,174.48720228613115,164.0466677974278,120.39897078090156,144.04740583790525
81.5479020073289,3591.7268964519008,175.4364174570104,167.50433932423908,121.82460402503442,143.23531799941858
81.31790956859321,3610.9268116775143,179.232770397381,167.33270303121034,121.51365356120333,144.6221890728154
81.54476801904639,3589.9056917199177,180.97990557541007,169.19235398180024,122.44407248210892,143.43586412113223
80.4731500920321,3556.4025100979998,178.7727220343441,169.15775925261374,121.41527985159684,142.78959101449894
80.11232136228034,3518.443102457552,178.90362823290155,170.76389236138186,120.76979195945096,141.32502101197275
84.54739520455628,3525.6112703120593,187.41026441546757,174.46543037267298,121.73952887239358,139.19654136850465
84.6364481854892,3524.9662728475396,187.2469577808168,174.35004962282798,120.11022614982045,136.82704347347058
82.5655217616637,3529.134711829313,185.19513860550995,172.6992264635654,121.80860030183156,140.1989984574645
83.5834269085021,3556.5660507418775,189.61618027346643,175.25991636171483,122.32981886726213,139.92063783604772
83.81578824269207,3566.834600264543,191.37770886372257,175.19143958580167,122.13069761797689,138.2536469586647
86.08869777579592,3566.8193468363734,192.8150996804631,172.44522729713253,122.50177727918633,139.04159512377444
85.6192599684637,3607.387280830332,191.12060176219282,170.08558089897792,122.50719265048926,140.3760541014937
87.03696409953031,3606.935017799904,200.57108418898457,172.22964277960554,122.56123202833737,139.22713317088574
89.51331311453198,3573.8141774741425,201.08518009008918,172.41356121871024,122.27072782569238,139.15318531640324
93.93264275228714,3591.4949541293536,200.67895209180531,172.01080940604757,122.08643597352254,140.1473314774698
93.34066954264938,3587.5895976012634,202.8937605541215,171.65745925377593,122.4425427756938,140.39000616834204
94.69052209985425,3518.5716469683357,205.61148560236256,175.5531704950878,125.26088634497864,133.8643492528165
94.48171061969586,3536.2145476183437,207.7031491876254,183.78733532284406,126.18991896398003,132.67371007592533
90.6939945296113,3532.672280134818,204.432004953964,184.99385127321148,126.73554400468812,133.13276207654638
89.77810013563126,3553.145148910082,199.76442569507043,186.5697326124138,125.04565868321922,134.5477084816674
90.92777980713066,3525.5946882538506,201.24448342915852,185.9658888481624,125.52224783427856,135.28915339247447
90.79406641270587,3524.0304112869667,205.83922599744824,185.92518836015958,126.9764420859801,134.71617333448893
90.2696538661043,3547.55698800236,203.24002123708718,183.86788064274137,127.33754240347572,134.11208063116771
89.05857500771292,3566.8193468363734,199.18086461104707,184.0821142920401,128.23455458607182,133.66646113306894
86.91109573121048,3529.0681558668516,191.1257087035676,181.8903593600056,127.10984004591735,133.3020059427889
85.88025395336103,3563.8230932802458,182.46883010831652,178.67828461236772,126.97071091753402,132.78648150005696
86.57216083003331,3539.282009733853,188.61409670878453,177.49791273972622,124.57079450897398,131.84658696170058
87.52213928025208,3539.282009733853,187.2469577808168,178.65096703021663,125.94710189836017,135.17095410219682
89.40673873041118,3536.66501977227,194.85285747734483,179.25837028630656,127.54510319258105,135.0802030469433
91.20604816940023,3562.631903626829,196.69802790062803,181.90284340299755,128.42196338070738,134.52710762737468
92.13541993942192,3573.856339967922,196.23908306544627,182.83628768190886,133.01549826401464,135.12159513748705
91.82037604160911,3550.2021860819837,193.74298537343077,184.99045632333983,134.0315064262735,136.48969192601564
91.0265076278615,3466.8797039135347,192.8150996804631,181.31880875306578,131.8996386808345,136.47009377747756
97.94608217306971,3387.437289452866,195.92045386291622,181.89241384311708,136.0624441265363,136.13405915726463
102.90072611661846,3359.3365404470023,198.07707425742902,180.11168825383726,135.79899398838444,136.37988019866978
106.20119615931566,3411.6577560708347,195.78150527386688,166.38146071701757,134.72619372734601,134.75770432215893
108.78229736409575,3398.5173898471894,198.50059757004664,166.70568191711791,134.99737459783077,136.27753840135088
113.11583168072221,3447.0581340737135,199.18086461104707,168.3597011822507,135.65799217705788,137.58230099459922
118.85879062267247,3451.104179123226,203.60150895430152,167.79947258965635,135.25736282983814,137.09174836546848
112.36327865559318,3476.8963879407784,207.10773792790243,168.80523028909317,136.25231945080657,136.492228782699
110.10290344208585,3466.740603661266,204.39792303339345,167.25488866864634,135.7432125896839,137.75789679444813
107.57479410830024,3458.148170318303,203.60150895430152,167.08737423696883,136.9109848397594,135.0459587237059
106.50692991379934,3496.5852520614585,200.67895209180531,166.3041149408776,136.9010681798438,134.94706757267517
107.73000235486957,3532.174521140639,198.07707425742902,164.66663867015785,136.3784406989743,135.67102208006563
106.51200736487377,3532.657026706648,199.76442569507043,165.17656746536323,137.19476628745994,136.774705681184
110.54601600725398,3524.841462879917,202.61572417286646,164.68789240325273,137.7288389095007,136.88286825986276
107.53642217140757,3517.797406063453,200.57108418898457,164.94800435523348,138.4329194122438,137.23856647911924
107.54811616691967,3517.7757422914833,195.36795526628205,162.09442209357468,136.6645103982346,136.1468050383699
103.43990214060162,3447.6581679956234,191.17487058676446,160.0645014317024,135.44832296178987,133.34075910608465
103.70182379858512,3485.5130080917656,198.77177656676432,159.38893420374467,135.67680538756662,131.95117761596393
104.62405940586235,3465.6326292371314,208.85137864854443,160.01903034195112,137.43219987495905,132.98555705234207
108.7944296100581,3427.989631189217,220.6483943191969,163.40175334969868,140.10370127800095,133.41439208473756
107.63242806855921,3476.8963879407784,218.54245718437517,165.2880873669298,141.25955012277964,133.69278982396074
108.29920670360009,3514.033797615527,222.70648246542135,164.9568838053326,142.0783403166917,133.71085483100188
107.25365540430742,3540.2514245246293,221.3107857996599,165.80751568933468,141.4418623499316,132.68026022782806
111.43218186810884,3501.8446037706144,226.85341510309192,167.49039358154397,144.00178006311597,133.27707606134592
111.29576942641344,3522.043426882699,227.44907959340978,171.073370711976,144.59443754997497,132.85851554159268
110.71852969472995,3528.09520682759,224.44945906202307,173.53496361829562,144.6956057604709,134.16401482106716
110.08878637563868,3544.628295682853,225.3716106584834,174.15042420597612,145.33364109857578,133.2932888924334
109.16875221318377,3567.0344676315544,224.55130974222854,173.15382382421194,143.28247334814753,133.83981082241866
109.94578281157858,3597.2748166656675,228.99371729051282,173.8971842604314,143.74310335015787,133.44401820170503
109.1658337747921,3582.0840014056903,227.26076249816018,175.54550210846904,144.3794371545629,131.99375828455263
106.20645942476128,3622.317013219943,223.96093739842948,176.57664133782933,143.82611133587028,131.73005447023013
106.14697505128181,3676.4439628885198,222.3832070268669,174.20363302614345,143.54104646438896,131.68662763491918
105.20976502306343,3675.067240075271,225.3716106584834,173.4592545406293,140.87969848206194,130.99897420376755
104.81599623269167,3692.9462414484124,222.1756921111138,172.88578561736858,142.3315471092352,132.07057194212734
105.7150470434753,3702.8334946232712,223.01383113211165,172.48684303372903,142.54582550741233,130.23109811456024
105.64733322841869,3714.8651391091807,223.96093739842948,173.82613008414506,144.12386325346495,130.4055439220917
106.2272653650658,3662.5202225118906,223.01383113211165,174.41011625059053,143.60644492292477,130.43161018436658
103.88866138865242,3661.617816647521,219.7582216358579,173.1238326752033,140.79906366652466,129.27778190443388
101.54817877504372,3607.1069134416985,211.7626421976461,167.78555207292686,138.71759679775073,128.4020913645058
102.81597182739898,3613.1641814442296,213.0678329663855,167.18248824132857,139.03783830535505,127.11724282138067
104.37911738323872,3628.429498424797,220.04373439345025,168.99232969495523,140.28344178569,128.7082418025216
106.15083579569686,3642.159182669679,225.41615116892058,170.8052251258165,141.21941414271004,130.70813209569872
105.80351561675963,3613.0459093397103,221.46085528739192,171.25733829429495,142.21344869691677,131.44264220933755
108.13115274359626,3582.6590084393115,217.24039187003314,170.2830329758969,141.07256318147995,132.45690614358037
101.5309418416327,3603.126722779295,207.7031491876254,165.80892548725708,135.8293769971801,131.4287642140698
100.3453446064606,3536.2147427737,205.88743671959065,165.0436745333053,134.3544354531707,133.0570200719965
102.92805666841718,3570.2916890505435,207.9919642050633,164.37491688490763,133.7319991107529,133.1362609901993
102.44434116502586,3592.119289710054,207.9919642050633,164.14259448579247,136.54069929298456,137.01099209673032
100.33995539851551,3591.7565629437954,198.07707425742902,159.4908391938055,133.66164794192034,137.7824613571763
101.88179050275691,3547.4767081396685,205.61148560236256,161.15787723695385,136.0472343769419,137.80392682384888
103.62795138805916,3561.9329423956824,207.7031491876254,163.10345274555283,137.56529705395587,136.0899752357531
106.45033009506318,3558.5816854892214,211.48456704134244,165.14538704636263,139.2187244613472,135.57768191848777
105.06407614585886,3570.6502904383105,208.9981917693534,164.43629881020857,139.78180157474534,136.91803584283457
104.84839870611883,3570.2916890505435,207.7031491876254,162.36422079584054,138.92493417851605,136.98426182421338
105.04601541274936,3592.781850729297,207.3375469582728,162.36525467210143,136.45084972721313,134.29832454741856
109.14870174644489,3587.0003669442085,210.03106580754812,164.23406567200988,137.58313061710416,134.56638385584088
112.10577786199852,3594.667771001096,218.5312093580839,164.99146918020992,141.15501087951736,136.7285436891085
112.1154739688509,3582.55902182923,219.16943596113688,170.44659737609632,141.36517341728123,138.24675943937385
116.42207673700909,3609.620199113401,222.74882518335687,172.3252609811804,142.77806836661048,136.06738132008226
116.34425473870115,3597.5057911672056,223.53387082938156,172.2081214842981,143.23583851348837,135.74094367933296
116.3952734490811,3562.235754482544,221.63026326428832,170.74940080942827,141.76672626672104,135.65401881373413
119.31658724222217,3518.4278490293823,227.4857226381378,171.75522403012195,141.8897498450088,122.68384011877114
119.88809609860499,3547.596137469065,228.2495325837705,167.0819617847232,137.55818280942054,122.95349586044306
122.34682629757087,3544.587924580408,232.18856364322977,166.01922232948607,137.448678042876,122.02907143505398
122.93543822363033,3505.989881566332,247.64985558525558,168.81593090017554,139.31357067622076,121.54224842062263
122.30616871569926,3498.8097505056257,245.35404149859832,170.01072016590734,146.01049366786984,120.12482428548802
121.16418228114337,3526.7971869075463,249.83916476312467,172.32493475609922,145.8531887129095,120.30711455399104
120.2293672401173,3491.2260691326815,256.04697616276934,168.61986659542836,148.04353107453255,119.60349576998361
125.23722358460522,3498.8097505056257,258.6811367352782,165.90339420824395,143.49926024425042,120.7176475806056
127.64806193141129,3506.7708741118863,264.37858688176544,165.61316116359967,145.42968567984977,120.62249428971136
130.52524647362395,3492.631821171715,266.34457563953737,169.2010910777549,146.5983856051157,121.53444664447721
137.48762195841078,3532.697457605717,298.1831672069236,173.84875932289302,148.2676250513687,120.85073773076053
136.33761109090963,3539.090037343403,297.77546114935336,175.94993431039606,148.85277814143495,123.60709145251148
150.15565154008013,3533.357363523272,308.0913148058659,174.45397970841609,149.02918758160104,124.54464893986507
148.9018251804983,3522.052507069835,306.6520914393741,178.80771009142006,148.91795249958733,120.84694591894257
139.8708289098391,3537.5354643128253,294.7735625207628,174.11729901131076,145.8919577410656,120.22231770994011
146.00043692211145,3520.886468837436,304.004192785841,173.60108739981973,145.7641996636685,120.27306623897087
147.88619600679607,3562.0420801446853,304.004192785841,176.26123416338535,148.6792990076635,118.95926314536113
146.48401379496525,3582.091187287117,300.3896350596287,177.27293445460668,148.45002557282862,118.8703091560966
152.5754784532395,3589.9235956943985,302.05572961644407,177.26328431164015,148.0109890906402,118.42597094284557
151.7427255155851,3592.661511346359,292.9914311632789,177.5651243338566,148.19088256180729,118.2479800081536
155.0246941204131,3583.3618164024183,316.71115968245726,184.80222792458707,149.83833520316824,116.66016838856311
155.412081447451,3563.733325797118,329.73017386625213,183.8300428350956,148.92873114013253,116.05000359149645
152.54130640833324,3562.7091712707406,319.50713455232307,178.62854784044143,146.29808318161628,116.47155134078814
149.92103961490545,3563.7180723689485,317.4216844069967,179.00022884918855,145.77818697937653,116.79092117380395
157.7789701067901,3577.0469088929844,326.6751960670335,179.01800594613158,146.11788801340316,116.73188627505806
154.80386431263932,3573.856339967922,315.0118267561954,175.22755263938777,142.18524164969122,115.81218445133733
161.91135763229036,3607.314135554563,333.6107902549554,178.09920562523345,145.53345780565024,118.50188110211192
158.38664267890763,3589.9056917199177,326.6865729150531,175.35685960743157,141.89852391178957,117.09972204828419
149.11926665023844,3594.680561402204,314.3442316772409,172.17834927642627,141.04931120329908,116.9169092966635
150.67991165243228,3637.204877897159,321.1992810663846,171.8532160048555,142.9659715701029,116.89763816717237
144.01003562481029,3672.9307167409816,306.9717615463642,169.48926727804582,142.00410881885523,118.83684371466136
139.05678159940976,3666.2525077689843,300.5096133044225,171.38555205087326,143.15478384375743,119.91403427325523
145.13479800312857,3702.822776530217,325.2455018963065,176.27343367901483,147.60117997868153,120.72151044431382
145.2485221460814,3661.617816647521,318.21353811513166,176.1491561006476,148.18808338760167,123.01381119167769
138.13070551350998,3647.389074916792,305.0100517972627,174.17837862282636,147.63932721597294,123.56839239500917
138.56048874404522,3674.9046068273055,302.0680453765191,172.21770947667227,148.0042055208915,124.09909152084255
133.80067038195125,3632.307965271851,281.86099489531705,169.55478719518908,145.8284277206895,122.57883196786884
135.5972991249005,3593.7461711301794,283.6102967653647,169.0890746981006,143.90679146244844,123.7558443722658
146.64764866465612,3628.434906397393,304.90626185831843,173.43090185124538,146.31294621756882,122.82639262237956
138.63763921287298,3622.351783885147,284.1099984913141,168.8693121465493,144.44048469215628,125.92555162166566
137.7514367968596,3643.274727481962,278.1813257721831,170.00995256252446,141.72340535899735,127.40563445160767
135.8011954137091,3618.0470465212206,277.4768579164515,167.0804749543034,141.60545583939538,127.04360071482532
144.2508985885892,3616.595551164342,290.9423016681244,170.4178272022031,143.47457115637923,128.96534329142747
143.9039164736775,3632.1467877231107,294.4085282980032,171.05904364642748,146.3412999228312,128.1978044461285
146.13940089102834,3597.2775872800644,296.5079576631973,171.06403152964384,146.91717697901896,130.62739025234896
154.8042485930883,3622.2724959130487,308.0789990457909,169.99570428391294,147.96602189292457,130.09041910109636
153.1497827492848,3639.8868058540784,303.33723762749884,170.67402006138593,146.68848375304987,132.62948527336425
148.2633498010461,3632.307965271851,300.1811997051679,169.2059574106417,146.65401353478813,133.36078148254333
145.14317373909205,3594.680561402204,296.05308092658953,168.63916000466622,146.20103228578242,133.9037757667419
143.90438033589027,3587.0003669442085,294.4085282980032,166.70998875971995,144.85301134520603,133.6651626964377
150.24237416768838,3580.553463550773,301.3994410397267,170.40946363362568,144.9949440809118,136.0313428185132
144.42656660722952,3593.633026021181,292.9914311632789,167.52411912301824,144.40136677723046,138.01839599368228
136.14719665791435,3567.0291575110964,276.3503905704664,164.36474215392255,137.77371157235797,138.22276792338027
136.2312460885563,3597.320673146594,282.0323195865861,163.28081334337458,137.7474809807509,135.34266580163504
131.9959929250952,3556.24574496702,272.8717368619802,162.55520177211892,137.01044552088464,134.83169112235575
132.00014608737223,3520.914600390212,274.22978036652154,161.48938123231866,138.66763872555245,135.03411046447394
137.3172220698874,3544.632035894889,278.35838183939944,165.36194561778453,139.73695456006564,132.86508877923995
137.4740232598735,3570.2916890505435,280.4041902608874,165.2108796975965,141.43373007207484,133.5971038580108
132.7380517484664,3558.5664320610517,266.21208960505925,161.21753584597155,138.58994330487675,134.76830408385254
136.86272323324684,3556.303160888969,269.7165902276344,162.1419353079884,139.48396562051536,134.19746076381088
131.93361276411267,3522.618141475958,259.42475621028666,158.89033370807,135.99999050805596,132.94168710735187
128.27738115745922,3524.057597317707,251.19481498718682,156.29836816824476,135.11083924549837,131.59108008660175
121.91467647329284,3433.1605232032143,241.99241169027167,151.66470582884162,133.3087270183179,130.8356816390604
118.83574630018252,3455.6877174023566,234.27305003083154,142.6430406019508,130.35254413587575,129.3642874441407
116.77098408023488,3413.64625243768,232.20178595135837,144.52155197947548,130.63795894053894,127.2097329680215
111.28419814583735,3361.4868174727753,223.96093739842948,140.39122906892592,126.96542629842854,135.16633973724888
110.71287778850139,3429.565467319435,228.2495325837705,138.8714390692335,129.2336223766996,134.25454899670729
102.5982300110594,3452.8873478265828,220.08365654644186,139.63382368954532,129.00809995409602,132.5412658056452
105.23917352112984,3480.1811484623745,228.97938020919528,143.9607435717288,133.34755513784938,134.4837212809367
114.259570983874,3485.7982429798626,245.27854925596654,149.5823036554041,135.30170122177856,133.56174691207823
116.78432266359171,3463.117798252576,246.91140560742457,151.18989946683942,137.6430496196346,135.52536329854775
122.92623484024037,3429.565467319435,256.04697616276934,150.78648081003655,148.09984322845622,136.98201778516963
120.07654320044547,3445.909994028121,239.9962172593595,138.84738391570303,143.09004336973567,137.77542925320645
123.63734693938326,3465.5974730531993,244.3302006034217,157.73349175267597,143.49878494633958,137.54307698039048
123.65819637646563,3468.568838599153,247.72319181495982,157.9440667110682,139.20102550320513,137.23355788357802
128.22422171756668,3490.390332031287,251.5218208853463,161.40385954068162,139.39723773620105,137.0389890557215
132.8537067540718,3490.6944211940836,267.4045612622579,161.19057848160114,141.5892821191042,137.78643318351786
125.77036339953364,3456.3105259178983,258.6811367352782,159.02439376918954,138.62010660241714,133.53132322580086
113.1954544501079,3490.315332257997,241.14310457151961,153.3509006480382,134.35831427629049,133.02027163925834
114.26971546184328,3433.159306979977,243.16060323430116,155.16663445734721,135.53182528397647,130.14365362741066
121.46839842351538,3451.104179123226,265.2014180669987,156.5072500224649,136.60608655071718,129.95631516222454
117.72444917533667,3462.955666964751,265.4011247816959,158.100240932426,137.73837416864785,129.17133418807086
112.40044058665555,3488.834058679004,245.5518246816406,154.65315059655782,132.54299944639888,124.97068981245828
113.82470587104642,3484.083101782457,236.87768337482777,152.60188115954992,130.4047039981796,124.34099265703075
115.64772041568496,3481.1484770971947,234.46775156258906,150.1974401094159,129.8152340108133,123.92029220679345
109.73030735345739,3447.763876582562,224.46633097000944,144.82814618217037,127.58286316537558,122.07083693202003
116.8072622533631,3372.9283254545103,237.40230205282475,151.266646852725,132.71854157359698,121.168810699245
121.06708084199242,3293.430318742477,242.10937303225663,153.7683337512342,134.4611715606359,124.17557184658035
123.33007958428344,3256.4652394086374,244.3302006034217,153.5621319293315,135.0567497020485,122.51072881979428
113.83087533189077,3296.1687777837983,235.2914790060552,151.14734700069098,134.06426672216276,121.35929021998689
118.26794258693265,3309.810320421102,242.68703435280904,152.06249272368717,134.5688220986937,123.85288093977024
111.98855758167787,3223.741388096427,239.45914888562027,148.31312564598957,134.01575893684503,125.71293731145576
108.40708446390403,3064.58458628458,229.92489837344397,145.64898183753579,131.9072360769895,126.61291135345796
102.95354116977892,3170.0287197451503,214.1851492424147,137.4640945460407,126.37876346507383,126.08269261318439
105.5501781727224,3215.0747409932474,215.8120025723453,136.01627115812133,127.10590695291626,125.68902227398983
111.04688269004102,3251.0377183038963,230.69928182940393,139.272586748369,133.42143130688524,126.22423668461778
106.45662027413985,3253.576856460085,227.26076249816018,146.8165951176831,132.4330471462892,124.34947410585401
104.29398906123944,3259.620981443995,221.63026326428832,145.51454627032982,129.87090477943465,123.97175738222266
102.25162967633479,3270.479407917221,213.97362720276712,141.86269091342677,125.95321045983876,123.93372436742996
109.33380089159553,3250.7979605362307,230.24226718013898,147.3614528966258,129.19436748814343,125.63151587686636
115.64316396468475,3212.587874465073,245.52408484922688,153.14578117637396,133.29420365951452,125.83229719746329
111.68544964177283,3213.9227870633754,248.17218581376392,157.2386007351702,133.8431657999967,127.95162244693219
113.47640903944001,3204.2531108174726,265.2014180669987,161.26121624871485,136.19727364589494,128.19597009051657
115.91243853155287,3266.8775960277535,267.6555082187725,161.4926302760724,136.09611933495265,128.10270814723796
114.81463814827272,3251.1363736890944,265.49890015159133,164.88063546546564,139.87107687081823,129.05986978469997
113.91609535245261,3282.167892970635,256.7873176950921,163.40078221920996,138.28093264755265,128.30866341718513
120.53173746585831,3283.7550081699997,281.7728128497165,163.6465380148288,141.5748458143095,129.2454494859345
119.66237096471498,3236.680941003249,277.1404059759366,164.7913914089046,141.67422133431972,131.33970250258858
120.2219791628381,3251.1157951350556,282.37861641838236,168.99088633546208,141.45226241118945,131.4657199905391
123.22973199552057,3167.212572635546,286.8707149869603,169.3077795920105,142.5041693484987,131.92729118333517
119.22419063834516,3213.1528277210737,277.1404059759366,166.3082545424829,141.9355316383561,132.13721068942039
109.33810765993132,3185.9323174924334,273.1064839269413,163.00102251833886,139.07075023611264,130.02251937521194
108.20732636002963,3223.613013044037,267.4375939876565,163.55726466595794,140.14335518897306,130.14300284487814
110.54158469955365,3212.597599373746,273.9895420544449,168.3393141733239,142.97283042479935,130.2565597481761
106.83979828658721,3196.0326578853237,259.7349378260525,164.06344586651156,140.5926988517252,128.90000621683447
103.6841501703845,3193.372556084852,244.57225139044553,158.75343606156386,136.54749030249394,129.38479401631116
103.72825942488407,3151.0063585050875,242.56091178155623,157.7918769837428,135.882543240616,128.54028004720217
101.12871959384718,3081.0334259225624,232.73954255511305,154.6501667289502,133.25642588624805,128.2250537600788
97.39932965015414,3086.8638221925867,219.83171100548142,151.12711657037656,128.82269453180655,126.38387005416318
95.08876078110261,2929.6471770041276,215.74216611924288,150.78613287477444,127.71803351909185,125.9819686530708
97.75356359585538,2886.510346603028,222.70648246542135,155.5574951580086,129.8998039086405,126.1300515730072
93.06896892423516,2958.2886008836786,213.32303768232424,151.71305091495577,126.73178239522541,126.5632305449142
93.89167382759797,2975.3818640922036,218.5312093580839,152.77997340413233,127.68388388573145,126.16769182343826
96.92598163352176,3047.1310870412663,222.60692714768282,158.10801568478797,130.0095553163274,129.1476606314886
94.00723633282817,3068.1690357469233,215.4623950308639,153.99947184966476,128.03948026967979,138.31504104904513
89.84654471483785,3004.0440896467526,202.61572417286646,148.31312564598957,124.81150575621807,139.84845256421534
88.12981298829371,3004.405861806037,195.92045386291622,144.35757715535112,119.63430306846237,138.2559510351532
90.69586795366332,3035.4039804860763,199.76442569507043,146.075644810068,123.0763431458181,139.0905442645166
85.16529595926765,3058.670759551527,188.68181822860197,139.3928380613277,118.6506138356988,136.19680404540068
85.18303152224075,3057.078004571606,185.24238083968558,138.224767124453,114.34018812870245,136.33523465513653
89.62060547278277,3084.2136931302894,198.50059757004664,144.5959936214384,118.52285425164237,135.739624178772
85.65906989351852,3074.1834888501753,187.2520647221916,124.61299974134307,114.21450935750923,132.45688144001335
89.86928781002102,3095.9627071893933,196.23908306544627,124.62350439167612,116.63463283767477,132.4926578170043
91.13698310696861,3086.3753668069135,196.7837361297899,124.25525045345036,117.33258905653098,132.53390270954054
99.41707317785661,3096.8048064031404,204.12909131760983,125.9174333564662,122.26088047800411,137.39814347383899
93.86823478654593,3146.650618092599,189.2771907388975,116.4039147553361,116.50450181833196,135.920950882987
95.3407678123979,3146.655757368462,187.58446975676915,114.77349767321033,115.7430460836674,137.66960458116554
86.36383623267892,3070.853017267085,170.3781871150392,108.79091953467268,112.5120733428036,134.4443879462724
88.71417611523847,3107.5917421180584,176.83151468294648,108.86262987977395,114.39545588269773,129.13662938194037
88.1132238744582,3125.2757159491985,168.73527606205693,105.45807574995125,113.69675611114666,131.39088311648308
87.05485522756884,3131.3026915233177,162.6673842403431,106.92139802876927,112.84234524057945,132.9040457930082
95.12468132372528,3150.2711354508992,177.98936436716343,113.04978675654952,116.05630042245495,133.58158889071728
94.24058652917874,3185.740397029032,173.5353566188368,110.81906602091524,114.44375598566963,135.02610034201092
102.46553880676915,3183.132853648232,182.59790981322323,115.36637142317842,116.47265290385309,138.34352231698463
96.27909640515158,3196.029182182164,170.3781871150392,107.12498047115984,111.90408584424462,132.9445884719573
96.68103176277464,3236.2644229624166,172.13572359050113,107.31813547729492,110.38733426162966,129.66175047227748
93.74312461468281,3241.699711726988,168.73527606205693,107.71950697691925,108.95197608039496,126.85640544771896
95.07291665018785,3263.650288596035,169.9045196313078,107.54566434064964,111.4848668846035,131.16889625676254
91.15217423523401,3240.0527578018505,162.53115281196006,104.09379821931277,105.96894182595038,133.79675327610371
92.67235167000828,3284.9440117250156,170.6448712658525,106.90536942304927,105.96686685280635,134.11083220931872
98.73685139041936,3255.6985425049,179.34620179341397,111.07465632980357,107.79001645131059,136.8817127904901
102.25805351426946,3288.5903172358107,188.95459553662755,115.14951166878504,112.32227245535026,139.26057759406117
101.86543218699332,3306.391419449218,187.56082526015925,120.21147359833752,113.7625153794668,138.83909729837913
101.17338116105648,3285.29295462148,183.97836925272978,121.68694466512108,113.89334822632179,139.43473671265858
108.57039382590554,3316.60542130663,196.69802790062803,125.51342277089987,117.62167857385721,140.13997295173382
106.29886074516887,3316.0505984669467,188.03879835834442,122.35129161818283,114.54028684232783,141.18996510217667
105.65070834931517,3306.422506154336,188.6767112872272,124.79448346046495,116.82538753665904,142.87753133890902
105.29756606446756,3269.0559631539127,191.12060176219282,123.48308671069607,117.20772328067181,141.6846782045431
102.23839348205976,3322.666719263619,187.56082526015925,121.23439017630082,117.20730488508394,140.81942987617458
98.8016204127534,3349.9768045286455,181.42673841745835,116.16114427625885,114.83867975008636,137.9667427575791
94.83120034396977,3379.1577109706327,170.6448712658525,109.6468035691581,111.1611587152969,136.17654238847854
87.04684075973,3409.3992355222003,157.78131394479422,104.08071315815414,106.68833269162725,136.13581526998072
87.00782603921203,3361.459631442035,159.36732748450024,102.29629925257537,106.70867517129662,135.73852525312608
89.31911705796973,3398.536354463586,166.15750291174135,107.69138436317913,109.76414025764485,137.07121270497183
82.04862085287832,3388.243425709909,157.0972601345153,103.65775283121812,106.03322641073555,135.67210343735175
81.55254549430617,3405.406460114274,159.7567626125202,106.21505412953795,107.142889450811,135.02207710667926
83.79850846109247,3403.7863831304785,166.62702993074873,108.68403648038512,111.54139030379956,137.83535411555206
83.75874551212496,3355.508265915782,164.5567168353033,108.94376906809751,111.48636929490844,137.09411275637248
82.4365377077096,3364.588320161859,163.20121089084375,112.4586265051045,112.23626157482248,138.42864189614224
87.06706291604512,3357.7105137690955,172.16634675494612,116.46784612196808,117.97607598112724,142.05584856286012
86.36364926409212,3316.0505984669467,169.71218047903392,113.51274798116843,116.0760587841449,143.0886073997578
80.79439820951487,3281.535662469945,160.84256917648923,107.40755200592872,112.00726888737174,141.8556465045087
77.99502333891675,3284.137534867172,156.44118136708315,108.91432655459236,111.69846148380365,140.70363624402802
76.47186873526361,3281.4995747387084,152.62915130944523,106.22144289431284,108.96375227542303,141.18491559709574
73.65568641487349,3228.064775239714,146.30417631002345,109.55558219942311,108.73041297543637,141.11620215067748
75.20532294614274,3277.9469389576166,150.49449130588565,113.49750081812175,113.26328400386294,137.62141139626723
75.33422527289969,3278.900937749865,152.38819925668452,114.3261357990826,114.57126846668199,138.07713418598067
79.1294755717175,3306.5298086213083,159.7567626125202,116.37099385032118,118.92828309750283,140.55159942127943
79.35178440762358,3272.543571639091,159.36732748450024,115.53935043744318,119.34831637367483,140.47919342324275
76.94934748012312,3270.48403755946,152.5571092382703,111.74097481531774,115.67265687620421,141.0052264789655
76.36218322008467,3250.787368244057,151.89798895687537,109.22997525961335,114.02016801651762,139.1912341857457
77.52420297464577,3277.5050595069556,152.61776695732163,110.41624348779965,111.35566429814949,137.18616667032097
78.45146392564831,3275.802303808192,153.13526589635018,110.79173932539406,110.38953496176691,138.20532279352292
81.1686500458377,3282.228394803668,158.99431343750427,113.67961453386069,111.90408863747373,139.99758002688455
81.43763205470239,3253.753618725108,161.99164267047763,113.76179107359106,109.0321175874916,138.1275181796708
85.87588304719492,3259.4554349221135,170.91352387886496,118.57808008806968,113.85202040053196,129.76327609418698
89.4276615180855,3185.9323174924334,178.8757554554145,122.76208919842394,113.8978892409837,129.1787999648544
91.08044213803869,3163.6858650983377,181.37136321311064,124.61733505946783,114.34113549952737,127.15015994384132
88.11360026811045,3189.3116831959637,174.05638941343352,122.39633065563099,107.90223842334339,128.23499573658987
87.54235485226482,3227.923536470881,171.1401541613583,121.13354416012558,107.51014438309804,128.54564616474897
85.26016099634344,3236.5168494929394,166.30705061331588,114.80911525821567,105.02081844541274,128.09324293057492
89.84031118685354,3247.4314019800554,178.7952989817873,121.0981839172787,113.11484745422575,128.59763179532158
91.65383856092188,3229.970954348911,180.64895591782263,122.28268212180421,114.2222335721796,129.21710822081278
94.48154477735771,3281.514828166878,182.47784765064995,134.9478693167238,116.31484614209616,130.8003555154524
96.77015390439288,3276.9118805871035,185.25736707118202,135.37658502348833,114.86114562382282,132.04202425763782
99.31836313117877,3276.0569879341597,186.081514682988,134.17743827488292,115.13041182627666,131.8078430744237
98.10370834655349,3277.9126457704956,189.77734205114663,139.53018910894696,118.08231345297072,132.3300551822595
103.90854244596603,3292.4949337553476,192.95509569597976,142.56694774447556,118.1875087720187,131.63934589557397
102.37500710919902,3277.557739499359,191.12060176219282,141.2258827994418,117.6207837179222,131.90831524608782
100.08820001592134,3258.1227713678836,178.7952989817873,139.40034492038222,117.29924968054594,132.6154887208971
95.53860095401247,3277.8591481099647,171.76349998490292,137.8355644459201,116.62977994182617,129.47149873072823
99.04255475685261,3276.0504018332567,181.8802209963865,142.68475232091234,119.69569106707164,131.48921174945517
98.34721935503033,3215.1850322957157,180.70433112217034,141.22958199054557,118.92903349140299,132.82061497685302
100.78340703102808,3246.332890819002,187.89458277828845,143.55985457063082,121.67786192059276,133.99905854058184
101.06452742483748,3236.316726757993,191.16976364538968,143.18610535610887,122.0805192092485,134.9288924410865
100.1796981586984,3240.7950449907758,189.61618027346643,144.7829608730369,121.69937044134122,136.56993454652215
98.28181101590842,3227.916950369978,184.2020935097388,142.08377741410854,119.55268609838643,137.8024958562844
100.68633629748749,3202.950436873008,188.6767112872272,142.59713629055346,120.39921753413007,138.37997014231726
95.94526400383614,3185.0304667135606,179.37407457090103,138.2332131165505,117.21080283007218,138.37369100739633
92.80664485182196,3185.9362982091207,171.21970851343582,133.22554989937385,114.23921366966746,135.56073066304418
92.48952484752003,3198.9865195614598,172.69555726339095,133.6198336510769,113.85936154540772,134.75432548936925
92.6993862688005,3243.3947995913422,173.10342352153563,133.80388079598717,113.69118003538289,133.23106964269306
97.17953592482647,3246.332890819002,179.97592247174464,137.26465424199645,116.64757702927253,133.9817184420276
91.18890610357627,3235.783703535382,163.54666847203404,130.7444011070336,110.33740919475699,130.38395139156836
88.47952745131003,3261.728687729922,158.99431343750427,129.79226834107905,109.42029621703485,130.31844438573984
86.91929348909038,3263.7857598387154,155.66125872273946,128.738464484575,108.9454758203694,129.58216723524072
84.90972287151398,3236.558748935271,151.94682756341643,126.77616610784926,108.2163674047397,128.45695934438797
82.41204407383839,3199.114884431235,140.98582316137455,127.94802399080065,109.76652928949488,128.88855593890807
80.19159236392717,3125.55683760065,137.6924068702121,127.73480753220566,107.90653779533423,128.03452477086825
78.71103637361354,3116.41840654705,135.85176108174286,126.09220944987135,106.81332233585175,126.7249084371222
79.58326507546253,3123.664696372993,138.27206096411035,129.4757084049915,109.44870151981564,127.70959733479835
82.79091746307259,3117.101784041455,140.98582316137455,129.8222510621739,108.38434118402708,128.4642224997755
85.46539920336538,3108.9260278138954,144.9388301581102,133.2627541807976,110.65078216833692,129.18101412196552
84.65983259891347,3089.001285166026,146.30417631002345,137.2294967784373,111.14739206240895,130.62620346803843
77.03808425258482,3051.4005545391396,132.4856760754642,126.82525268013494,104.3236089698812,127.26771962165512
77.44529274549787,3095.952975358277,132.47272631694258,128.56103368489764,104.99845331303447,127.70033652659308
76.65872165255767,3045.008242748345,130.4638290707227,126.29428047034045,102.91524980660907,125.48191865515011
76.50521155835604,3044.070056065983,133.12861247913162,123.52928316778711,102.80082039639063,127.26261730916917
76.76357416099654,3024.9225558417693,134.93703777720418,124.66723475767292,103.07060778489762,127.72269284211107
75.25221632269123,2975.349772269567,132.87597771677136,122.18992543987763,101.13739743083467,126.30303852313591
74.47915571878681,2980.805280899598,133.74501998683266,118.55954568505217,99.2835893084419,124.93444395697668
69.51339693691514,3026.6090614268646,126.83196416551844,117.31274129166864,100.13843668813237,125.32206631048882
67.96144078534567,3015.383222063171,126.35037794063219,113.78300466084782,98.74051580387061,122.70886231380912
66.28089225006902,3073.8961863639,123.54605470587786,115.14651386488079,98.16969216293045,122.0124228551092
67.23280663915841,3084.770900746584,126.38280308730786,114.56754436803281,97.55603417503013,122.84490615999576
68.3559614719392,3080.878641893982,128.5696525301882,117.98780808560947,100.04729236833936,122.75690025355217
64.13829641854736,3044.232674021059,123.47604385607453,114.80010489094676,97.42112172348854,121.6283063011858
63.36738046983854,3035.9695762812466,122.67995467431227,113.00410039894021,95.64975546860845,118.81510704089398
66.11216302165356,3038.965150636002,126.33178677606718,115.87046422856264,98.63808635067139,121.50949981167358
67.90833072777379,2982.7770992847677,132.82170161683746,121.10218804414878,101.63903593121759,125.49850542190237
67.94202042548332,2975.5290247344296,133.25727850216234,120.93589680937447,101.42848845374212,125.74122990351593
67.85094232152625,2999.1317050633143,132.47272631694258,120.30068878219024,101.42061346157686,122.23622083402635
58.43993692197064,2982.7375223254585,122.08485454515535,114.56455765876369,98.67910980565932,118.8217251934415
57.811101807550486,2915.9214737029583,118.16464320721282,113.6723063982879,97.85807233833698,117.75539259220176
57.6323855636572,2893.570991519284,117.40439889666999,112.1994148630129,97.18494455857157,117.80054531056496
57.85033789500585,2969.329066168941,116.99699642422196,112.90194730796877,97.55789336953903,117.56888192549957
58.937549730881955,3003.463809059374,120.98342205714648,112.5197260295624,99.05673394608658,121.78651318674439
57.230878541844994,2999.074423464096,118.16464320721282,106.96011170528688,96.9151235878173,121.23455930365586
57.95911668953787,3070.5270358408575,120.29469954268681,113.79090499382264,99.96841772233364,121.52940101467975
57.92006002386573,3077.843209905442,121.02368052993882,116.37032987444591,100.76882469754854,122.927103580678
57.23497618285179,3064.615087691298,121.84844294475761,115.06961356152384,99.62872575634259,122.52296838899647
57.77150825285904,3048.1336070700845,123.24071170003403,115.2490941869109,99.96768559521938,128.29544460169
58.93430878330984,3035.9076291162996,126.33178677606718,119.55507682123314,101.09431469804748,128.39774791626772
58.699586864661846,3086.922374193004,127.13755124105616,119.82997254310418,102.51890139317366,132.677777146478
61.47516926160986,3084.3276138567026,133.73207022831104,120.60275701710931,104.48330439891681,132.92092168254652
59.919936019127704,3132.5222001488664,130.4638290707227,115.86330040150803,94.9393050810364,135.425138185981
58.62381075470357,3118.2643139029,132.88892747529297,111.11329915231842,92.32209197948099,135.45318058570354
61.469606195519646,3115.2360596047356,140.3391450991813,103.5548541568671,96.93272778803194,137.94715925956595
60.111947470714725,3097.522501167401,136.5701815619563,102.4712256660299,94.58491155457044,137.63795110054602
59.663893724787286,3084.973894968227,136.5701815619563,96.79287200088503,90.47138419521768,138.19102037502006
58.62952091746494,3088.8237090429175,133.32799009749058,92.1225164658893,86.97038875557433,136.8393548790902
60.106488263285634,3096.752622318379,135.21803277807123,89.29962687353583,83.43106730483089,134.47704028964532
62.19329513121573,3092.151022954762,142.68521551286133,90.9843138464773,86.57977179999354,136.9520368910019
63.07470519307542,3102.612525910534,144.0830210376159,90.5322566883271,88.49024090349414,138.3364579607139
63.85082254971408,3078.3893632038667,147.12452251469853,89.98759210954569,88.89914879632093,140.05092892138882
59.918552270248696,3150.081515357537,138.88292657254408,86.13929388373853,87.32108407081809,137.4024702901901
68.34867934353204,3150.8602459085455,158.98706749965245,96.78820497160429,93.9329018396807,139.83017357731146
71.68454313064551,3166.2783987110397,164.5567168353033,101.11473710891612,96.95706977463516,142.24555117931686
73.52736320726461,3156.493129478653,163.93250094362287,98.50232395680158,95.69644426378346,144.1969160147577
76.37381478881348,3212.2784578555293,168.73527606205693,98.97374626737441,98.45425276411635,142.8541763889768
73.07431178448111,3212.597599373746,160.84256917648923,97.18109440488104,99.03890726526893,145.3138988780993
73.9061785766279,3199.114884431235,157.78131394479422,94.84936029385246,98.36255983405687,146.07986260546707
73.6507552568461,3197.297934222913,155.65401278488764,94.24282097791394,97.46540752407192,146.3631368485051
72.24117056514774,3208.3709783983536,153.13526589635018,92.49599520502272,95.62127517332016,146.7898307239711
75.25926647167529,3179.608900759277,161.3637535980457,93.19621885462115,97.04642624054776,149.09830222735394
76.39490366626767,3176.0373800509387,166.13813928492937,94.12602809746953,98.46165165019332,148.7470773704344
75.13686367979253,3175.9973518026827,163.6516799727865,93.40737993556124,97.45971142200355,148.37080469905797
73.16625114234262,3168.750628749206,159.2981358734059,93.95072593027861,96.05206708377428,146.1853122379614
73.40264409838316,3168.71276577476,157.40001348821502,92.42827373663206,95.1918419426833,146.4877559362616
77.62206812906317,3107.7779762645105,170.02411891143421,96.53318530768927,100.98908794582447,148.89489371328654
77.4976585943684,3074.0093591507566,172.20958985211382,95.50715009540396,100.99129588753628,149.16478301685189
74.99687202024826,3069.7017967543206,169.71218047903392,94.1324141535412,100.44362124427163,148.6621368809655
73.62242934821965,3054.459521165416,167.02025526260803,91.01920858322359,99.4816945309053,147.40094082280817
70.43700159000235,3046.0104453110334,161.08767953669565,89.270453905736,97.01193040933109,147.02702132406415
70.13774975535871,3064.8090989147163,162.18251837208757,88.46140562777768,94.9392283221763,147.2693994584024
70.46646442863097,3095.9587411003276,172.61794529322674,90.34962618629635,93.70631457671688,147.77995814121118
68.5751904000987,3086.816058934918,170.91352387886496,89.08289836905593,92.83183384484117,147.05483746336262
70.65750854853869,3073.8823231691813,176.23965774755845,90.54448762438813,93.30863790887136,149.21022653221752
71.66424550867832,3089.0695995281903,181.51690321083083,92.49397149289591,95.6291509114844,150.57057660556282
68.9326905501513,3116.3528072922504,177.54108497936522,91.58283921870915,95.07443951155854,149.85607223699762
66.54111195241119,3125.2874413259647,170.54844065422748,88.45458303104782,90.86067012617463,142.3622103190448
65.42163717824302,3154.4405866016436,166.654948401497,87.85645407067787,90.25909353152359,140.16544001360924
64.59827102269378,3159.001278848272,163.54666847203404,84.92075304076822,88.43939386948236,138.86147243022725
65.04438350088714,3175.9973518026827,161.83800226605285,85.190828383711,89.02128530062585,141.26720575653744
67.66715985972144,3169.3293290857237,165.9629641217679,86.76954019837542,89.58097524963549,142.13233519449446
63.974957758686166,3163.5076893352884,155.65401278488764,84.73316293476063,88.02171467896159,140.2119630922214
64.51545887155744,3163.4839066294203,153.12162342868322,85.24729747928514,89.22915805504822,141.64791167541486
63.2616611751038,3195.9516064409686,142.32129459511947,83.04089827703781,87.38870169226297,142.4172550594298
62.57688347304104,3227.916950369978,141.45737090733488,81.82205456357708,86.0199946995732,140.0255006688085
64.81853273231089,3223.610208294251,147.12452251469853,84.18239255258342,88.4506504084868,141.0647831886549
64.77731754033339,3223.710989762802,147.16571813422536,84.00116920238148,88.2301946839211,140.8871230899591
64.02558783877302,3240.26881995687,144.2451548305927,85.82404948073082,89.11960028976019,141.53994273950548
64.64140967416262,3264.822596795441,148.41789410246736,85.14115859874376,88.07951566473267,142.60902797702258
62.84854267664589,3270.6002551627175,144.1027077739739,84.74260434396648,86.58302339546586,140.9862629619337
63.96139584457643,3255.7795729661434,149.79260984138153,86.08029011598946,87.34038803788813,143.6913875321038
67.23986592116653,3285.034601158259,157.3927675503632,87.36124497313496,88.01965552268139,143.55980819761172
68.28468101349216,3285.653695364484,160.81182510257466,89.78651084964075,88.436095687521,144.03402039142512
69.05719043006283,3263.497912576538,161.05693546278107,95.09192384265158,91.51774231443505,145.25235984240993
70.81209102392602,3240.0526973999768,166.07054065509809,95.26351693448119,91.13186342510718,145.5537483178422
70.85885196445626,3247.973425659521,170.02411891143421,98.16206991421356,91.95665404564276,145.42273218581732
70.83778991504911,3232.138626405438,178.74484925685704,96.19257756239789,91.45771739250624,146.07416915967517
70.62890239512328,3270.371570400155,175.4364174570104,95.49878474381022,91.46999328612483,141.0313021130074
68.02187525557451,3260.9579771976587,169.71218047903392,93.7544627876147,93.28502742603213,141.02072787880124
69.95091271035281,3284.1527882953415,179.34620179341397,97.51555849920229,98.18649740537315,141.05653930483246
76.52010390613546,3293.1900385861422,192.79025293177335,97.51691887344921,99.79252013814458,141.86680196013074
74.70287687367411,3281.0851305026345,193.42034463275547,96.32447420616205,97.7014410176882,141.47880936425295
74.89798153877787,3248.177802669035,194.00879640437785,97.1805303707723,95.21955775622186,140.75706794726474
75.22648833974381,3223.609874236267,199.18086461104707,99.51059138528153,97.55760536707108,135.71507940219425
75.40791117272087,3291.107919908819,204.32413705114325,102.23592398191781,99.3702811426304,134.39941820259924
72.44876818673771,3306.483236690963,192.4245090769572,100.55244466469024,96.94110639596826,135.29631812806798
75.14452372103796,3292.4889280300436,196.23908306544627,103.12553729274119,98.83896036772765,134.7266586610017
84.50532491655605,3287.719557172271,211.3766991385217,105.40758710916225,100.4435062907856,134.66956370152866
88.31097490093126,3267.0659080939026,217.78449068280653,112.91094059822125,107.74058778671132,136.38190665093938
86.09071531677726,3258.027623935104,211.7626421976461,103.39606958932087,104.77800237244062,136.92869017378004
83.67829222890433,3278.9652328555835,211.52391039618274,102.19430941764581,102.89956124730851,136.16046553577695
85.897074467179,3312.576160119832,222.37195920057565,102.10306686662162,107.6389403308191,135.82956302597358
84.65148648479067,3310.452659042094,222.74882518335687,100.04228140067147,99.370474567364,135.99560015786778
83.22939842699707,3328.15882546315,223.96093739842948,98.22125046082054,95.00890513795869,133.75845112840074
81.45523922373943,3322.666719263619,213.32303768232424,97.60462189951564,94.57285188630006,135.59533902509713
83.15327861173955,3285.1099712952982,218.5312093580839,99.5343872486151,94.60757365081504,137.34048611083395
85.9600431421023,3283.71366645526,230.27073216294536,99.7042094347923,94.68120642645046,136.02762845713832
85.17701025069614,3275.9977218408535,228.2495325837705,101.15629636873861,96.94289033402245,136.39715610449315
80.08847731438509,3230.113645123869,220.65964214548816,98.15828196954989,95.50979120741263,135.01004917642163
78.56023174781016,3268.762983285632,215.4623950308639,97.23632695818083,94.57323160449641,134.61356346645698
76.76658539629861,3245.492952725245,207.3375469582728,94.58486207190707,91.79155269893302,131.71416988201327
76.63454706421525,3263.491326475635,208.38578907947846,95.78723651156807,91.65248954853642,130.97041983673716
79.74769966693306,3227.916950369978,237.16595534835307,95.81134057085579,90.88772635283976,130.77868010938937
78.06489563515206,3250.9360604972935,233.40543696050557,93.49992363592605,89.12906178539761,130.56515474136077
78.77708896212616,3234.761930957991,235.53042989308284,93.75137166819871,89.87107344473696,130.49508294767278
78.58475787873904,3255.7995221223982,232.73954255511305,94.23005261190173,90.0593359512923,129.3044894239783
78.28540330413368,3265.2464476395608,227.5711079141166,92.17434094413612,90.35843751674105,128.19279516463808
80.30662182297165,3287.7949642628632,232.2183720584447,92.14574320700562,91.9768325296358,128.4530122646415
81.53686705866602,3265.239861538658,239.45914888562027,94.90105050287396,93.64924935444252,129.6296654426248
81.16318855721501,3251.1266487804214,236.07194805983437,93.75177053878737,95.1265161428978,130.19868781177098
82.11455874284889,3245.531615029205,233.44193551786714,93.55472995686108,93.86491153637013,128.25298455823437
85.34871273933402,3240.1729326867317,242.30352120812006,93.92744345284936,94.25015110906874,128.0523284514384
84.03572622718978,3261.0800962976887,234.90283273723725,92.2367042510555,92.31919650188226,126.16915745590578
82.6375337834038,3272.756237779035,230.24226718013898,90.71502986786737,90.6296857676876,125.45866693202078
82.00402684247803,3296.119406144003,230.24226718013898,92.423746530422,91.11166447931278,125.58240775021306
87.48219394465302,3312.514334761317,241.12868732484193,94.88145776519488,93.96936730507824,124.65214614052388
89.64648925967131,3312.514334761317,242.78744892738877,96.20339727095345,96.10831154559354,123.27504013766718
96.57953396335368,3328.180664992223,255.9075269691603,100.0335958687564,100.31975773035755,124.69557770920477
97.84025856362545,3316.0505984669467,257.6780037356619,98.95046683982414,101.61818434661036,123.69321131564622
96.81748797953877,3312.576160119832,259.42475621028666,97.720809827493,101.22378486714479,125.93387083556017
95.93880113163137,3327.5028669474955,262.3977807705003,100.60875304192881,104.92305513667911,126.5671394532583
97.5605951170394,3318.5070903348915,265.2014180669987,98.70069632697631,103.36964634306881,124.05587754802677
100.29883734297333,3338.607202197036,272.16498326473464,98.71565763453533,105.60022533138972,123.38457587064875
97.97218582022855,3384.941984139533,269.15247922327234,98.16325249278685,105.56480114120919,123.89170085872232
96.7433754061476,3395.0286707399227,266.21208960505925,98.14048471062966,102.90042330303885,128.29022816213308
94.56217188738529,3370.3675793432144,264.5326742064936,97.23989588583149,101.0284308541928,129.34953903791853
96.07333918584332,3366.7749711239826,270.17005560761186,100.255080283832,101.39219923739401,129.706650521378
97.8875562773545,3302.328294935345,274.22978036652154,101.99507977624299,100.89350966535386,129.228828319616
97.98175922217911,3275.5024737949243,278.1813257721831,103.28272804885098,103.72474300339205,131.08975845167822
96.54636388578521,3264.9279971024785,279.70837371077386,102.42295722212629,104.35881719126479,132.05715997977262
95.93197041730951,3264.1227460848845,276.3503905704664,104.06450703597129,104.76887383723323,131.66819907775334
92.55959181761268,3285.653695364484,269.15247922327234,101.10199848147315,104.46895173348771,132.1464817865722
92.47387387900665,3322.8687226966044,270.71273876304036,102.06517434882457,108.41862955247906,130.5131819730556
95.536616288689,3350.255269977688,277.1404059759366,102.23042963350531,106.66134017926542,130.24541487113385
94.01473809806556,3333.759239509687,272.03460694021317,99.9205746857202,105.34623245767482,130.4114914425837
92.3598401989774,3395.0274545166853,265.4011247816959,97.82383711792424,104.63824117037338,128.54407913119303
92.025874005117,3357.713008734085,265.2014180669987,102.42306590117448,107.50809460614713,126.83137918028525
91.75980416980302,3318.5463432887714,268.0039730804601,102.51195502393979,108.87242723787605,128.1410099193903
89.85666772790468,3309.803505616605,270.3601224176133,102.74346265287465,105.96949527300563,127.81378655591055
89.81491644050277,3272.61894177613,277.1404059759366,102.29285899473886,104.50186666232977,127.78660910398945
89.92147885404658,3310.8287232353055,279.5595635977229,104.3181018603844,104.17633295411875,126.31380036008332
90.23925574590373,3291.2219523498184,271.4856731286952,104.06826419889417,105.31883593246039,127.39049668461611
88.44773832364767,3284.1593743962444,271.4856731286952,106.94772605827998,105.4111013701059,125.73751323718574
88.09400838124179,3296.302078748014,271.4856731286952,106.22321421827226,105.96974656624072,125.80687066976554
83.80036842395265,3284.1593743962444,262.817887073611,102.56901990610469,103.85195647558683,125.88477045918151
85.96216066905951,3296.308664848917,269.93886047215636,104.96855789963531,103.71047254368442,125.84818977128933
87.52603509924027,3246.516239184928,273.1064839269413,110.13507622924283,107.64004109975967,125.97072690425874
89.36273540029121,3204.42351622965,277.7766519753532,105.4548629577631,107.34043099920584,126.41523822796985
89.83155777303915,3202.8688182663286,289.75059219330865,102.1363807598749,107.3478661405165,127.21783579969885
89.91237759240796,3212.53519447267,282.37861641838236,103.62440012833638,105.3210695903619,125.15281362661813
81.62284608692042,3221.633796901349,278.35838183939944,103.64209286322422,105.41337841455149,123.4508621845341
86.95914422036164,3223.603288135364,276.3503905704664,104.08594384619002,104.76179134559673,122.86756110053409
89.84434336174411,3204.3287254211646,287.0125247844685,105.65394932377404,105.57091699412109,123.6483851069987
95.04508321543268,3204.416930128747,291.7159142846999,105.84696776354748,107.76966198893483,123.39832752370219
95.06262316064392,3230.107059022966,285.85860968146994,106.62476643168831,107.35149867308833,121.1724127768578
96.985408767185,3232.0996300434936,289.0654993393751,110.17941799912167,111.75136840151575,122.01780392153984
97.1656701191491,3196.268166072758,286.8707149869603,112.18850058310575,116.62311604485912,121.54026242165256
95.34709079965882,3197.782718843499,284.0953727667804,110.47393060152497,117.62505220788995,122.76751500908958
97.3953062348355,3213.311004532458,289.75059219330865,111.20320292460657,116.50853702567397,123.36498747222348
101.55697511845213,3231.5209895142634,292.97680543874515,113.51426997051408,119.55683529524566,123.49154081358986
103.74327986828406,3229.3917484560266,301.9642554375748,115.50529459693415,120.84347034412835,125.71455534406691
108.00635338531374,3233.9276141189944,312.8688752844151,118.58175204786693,122.87747930452738,126.30269786629755
105.82648246200051,3229.3917484560266,312.6441239284475,116.23765216191936,122.75684652565113,127.26609142137654
108.00065751817488,3253.576856460085,311.79678461601304,115.01448991854244,125.05374438424867,127.49290575005186
108.11587000098893,3273.260714932367,306.9717615463642,114.99047365579827,122.55901285263015,128.1784676970084
108.29036347736856,3255.743540596747,305.4692778432392,116.7456150083046,120.90013437604935,125.67530064927443
120.35862702239517,3240.3005621019433,379.5060628734267,114.99424354015036,123.48423070934253,126.7576856884852
127.27401042709859,3198.9371667137384,386.59012264260815,120.21215580902911,124.6812631946367,129.27245003621564
125.27111426370737,3150.6599615031305,400.72374688619874,121.65721896849352,123.67057222714887,129.48528973741105
118.20382765313046,3189.3517114442197,378.095692010942,120.58288092638594,122.87348263557443,128.593050917089
119.50104459522191,3189.3517114442197,397.32125241566615,122.76180401406924,123.71417885939988,129.80988563152954
117.87088575407982,3183.099252069444,397.8581416373552,124.24054053590811,124.79087376500345,132.04730142745336
117.87050630380104,3202.6727012533643,394.4556471668227,125.50890448912396,125.95360758847585,133.1533617726692
124.22473871611786,3243.3947995913422,387.3715873976411,126.79310348785717,127.32079441152806,132.73270354689123
117.83037632115703,3245.538201130108,374.51307325897517,121.23454530029059,122.50153035356348,134.3833942174424
121.07906290322389,3223.0158244766576,379.5060628734267,124.25570093680231,122.16079384445716,134.9596236246488
124.90600009265735,3208.4563783561503,387.3715873976411,123.45662431148524,122.23382509685447,135.29486732667095
129.19303849694344,3196.6957893333147,394.4556471668227,126.55706804882071,123.63742866641137,136.41531101641897
124.85649666642198,3204.169326936983,410.241101638224,126.79486252371512,124.0875129281673,137.80368275083512
127.31242244424854,3221.640717060236,429.3568210611182,126.43209435565383,123.67225222700091,137.20619351075135
124.24228573734408,3196.257573780584,425.9483302124795,127.12166954227537,125.08345838717567,138.40175747321987
120.08511558478664,3236.459140488124,429.3568210611182,125.52764750564654,123.65175923083157,138.60934639171813
118.93240791045227,3236.595683760067,437.5859585515166,125.77920775272524,123.09864966726963,135.97303308162475
112.1114742960419,3208.5137533029815,429.8849558657975,124.82628187297885,120.55282963575588,133.6796268490228
110.71294661217951,3197.820581817945,429.66748049726624,130.14103948233682,123.14627773046631,131.17742833619408
110.09785150639208,3198.8296001273807,421.7491768603358,129.46789931004471,122.4381924489455,130.79119977143316
107.52935427750712,3169.4801082687354,405.9924833626138,127.32990785301719,118.34100593845852,131.3385093980464
110.35579395948561,3168.750628749206,418.2734710577132,129.18083774349702,118.33253065129054,132.33289405061552
110.22850161457502,3163.576746798046,411.1174265719627,129.1330085225949,120.37893663651693,131.43708299290543
111.27302477824463,3231.5209895142634,408.1978823601674,127.9680676861639,119.18955205465448,133.5115772029161
113.90890923872712,3223.068504469061,422.53779062504697,130.3687775957112,119.69509310897661,133.81986259882805
115.81990800259689,3217.374634171585,423.59797670597266,130.21473453118074,119.90158015702849,133.67225641879728
113.92086335357659,3275.9609140853167,422.68644712335816,130.38953134984183,121.75350699791333,134.23412404801874
113.48793441256956,3291.202865273542,420.55220238993206,128.392104446239,120.11346995131885,132.58105701896955
113.17051374329648,3291.1265838088802,424.4923080696187,129.77800081228835,119.48340300312044,132.0937932739466
113.58461489111161,3261.842962713086,421.33864627451675,127.12590691525727,116.45516989328253,132.89483024074414
111.31036467161908,3281.12812269307,423.5626074011124,128.77294040901964,117.14272196157032,134.42970243741726
114.55024065377954,3288.136423011131,438.32320705357836,130.7759536770682,118.92986111888129,132.84656225154836
115.91896816927517,3268.8330483167497,458.9637954935058,134.29019427673575,124.53981391311305,133.92691001287614
115.9312635354052,3261.010657190062,453.9127203593522,134.67441780610665,125.40942304608348,133.40257308257276
118.32354717333553,3244.39017996954,463.7573252308358,133.56290378021401,124.65490560954706,134.2335508175781
117.90749935296327,3254.620734989595,473.9246788830233,132.8733886071391,123.76258054567172,135.3567065515801
116.42132793166812,3189.584109233911,469.99993223840113,135.3549727917251,122.03391866007955,135.48477503698297
110.25567887212354,3179.555755641131,454.42154922574616,129.952422179225,119.19621430571584,138.38458504460456
110.95441757839812,3176.0373800509387,442.4104000631764,129.99849277933612,120.02321508013858,138.93666603737014
110.59301643952698,3150.336973629371,445.41813087169334,128.78403974349487,121.53892402053631,139.5350437856764
113.15046417396383,3163.563145880605,456.87816971185,129.17799319479374,122.22723583540868,140.38780514488593
110.08347149497992,3131.9917633548857,453.78418502207546,128.14953704197342,129.26692629014357,141.06354567950982
111.28607848296085,3092.1658871392983,458.8299536772284,128.27419260929707,129.56500461831996,142.60078785603523
113.15246657502524,3118.6487792543867,466.85159030180466,132.3807129064397,132.63235557318862,142.86284608296282
114.4117864238134,3078.5664670272213,466.43370348138126,133.65805390859498,132.7213073890997,144.17727634356896
117.57021593962249,3080.8742210668893,464.2840600490678,131.69323690057155,131.55211273891055,143.31971180624592
109.35058240841012,3064.3920392027,441.95863587108704,128.21031901807703,128.379487048532,144.15740399802453
113.15369527282499,3098.5417603354413,444.41895975011386,128.92795122921808,128.44605465172526,144.45296800050778
115.82721507611029,3137.5470175595196,446.106177833397,139.57004561674773,128.11121141774223,144.2424020537948
116.81621894936116,3140.901043305098,453.43404227437554,142.23382992882404,131.5265696692097,146.17800121788207
113.21480193568551,3118.2643139029,445.8899784006215,139.9455549732463,131.39848767201246,145.9007594984942
110.50461205174773,3131.9987301250667,424.9754090048696,137.8529498639189,129.66208025647666,142.5052147390005
110.24710665366781,3176.0875822859016,423.39296094454295,138.58239491024213,129.69099996578413,143.25338755956483
107.58245955547486,3154.4046273837084,408.1978823601674,138.39277288821123,129.5610824929174,143.11627883494418
111.97542605336156,3158.9318774829835,436.65733712750136,140.5660867924965,131.33244727284892,141.91124822193325
111.50016797923277,3123.805383925059,438.68100321566146,137.823584192496,129.7622194861926,141.96273095260685
107.20398817927313,3116.963409157145,434.1845063766909,135.0712435997373,128.70492726904456,140.6452395008671
104.41576237236593,3142.518980134686,432.80333785416224,133.97900362135923,129.92053119884326,140.6669082386191
105.4179606295639,3137.741058479975,432.37322530951553,133.21155390581356,127.46393505366778,141.40356737239028
108.22023779428937,3123.8432468995047,468.7502988550561,134.6832832518275,128.36608107651242,142.28278850585428
105.66401810675688,3131.2692493759646,455.8729231313476,134.25051133070974,129.07696134005153,141.49398163872723
109.43175025829821,3117.8737095126066,470.22400505036705,135.52505313005,132.36231649160086,143.4090939382856
101.78075106809624,3125.2325488931724,470.8280866182869,131.8351379014866,129.78190399216405,143.5531853238793
102.25468749935543,3125.316814442997,459.3516341330178,133.2719236960148,129.87936905560036,145.34181193675184
102.60105558292751,3108.1207819168667,467.5112421580377,133.15308938177068,131.00641846660574,146.02582272634612
105.924577385639,3085.1346108466905,486.88015373172755,134.91067376652114,134.56731726152321,146.45343165057116
106.59064084539536,3131.848038169873,491.61092273382326,135.0718197355146,135.8797846857633,146.85423229737307
105.71687011124412,3116.380543572604,492.5341140654809,138.00282824524365,136.1750793615905,146.8352048067794
109.43631583320106,3102.6707779399962,484.13739716083825,138.12302430041325,135.66028416793927,147.9303794143093
110.76988366205039,3107.678716985618,484.52825807958146,137.2548708573085,135.76751846648142,148.13464154978675
109.31506105536239,3109.1587163373774,469.7061691188963,135.36361519745162,134.46056290015397,148.05816641508844
106.58860522125308,3096.8021075976103,461.6010416405662,137.84312502006213,135.25868394274067,147.52736929332121
106.09073601734323,3074.7141430029315,454.97947847447637,138.2368017042794,136.38505459867844,147.68685838154573
105.3098945438097,3078.6498096436917,451.18024532417616,143.10844526677408,136.91680347753316,148.3732430315715
105.3079130122077,3107.889801791386,447.9760937242501,141.23569212256257,135.33785997565937,146.30182056912005
107.73278306256326,3088.640431702783,454.1289903242672,144.8452232115129,136.71459432597547,146.5468523177112
106.60998781517655,3073.998094549857,455.0288912203951,144.71895023420683,138.10305689757888,147.34983148256612
101.5087858881301,3083.896070430049,438.32320705357836,140.39696857430795,137.39280542066797,145.99677607680533
102.37161793655225,3061.7198937540256,438.90758674695877,139.97836688947424,138.20688782086756,145.091911449425
101.58609383833874,3005.09216436136,434.52783319926243,137.65150891365903,138.0378561598367,146.51341916214034
100.34912206312929,2982.660496601846,421.91574811185166,135.28724567802573,133.73823515573255,149.83234780445778
96.22890813814753,2938.6647463149907,411.1174265719627,129.47594627308695,130.85704184483797,148.82697180833875
96.21471075427391,2961.4198851215174,415.7294511005208,129.12362988608672,130.24456372650437,146.9204261147995
97.39055014725204,2975.2411357975757,421.7491768603358,131.2819707371069,131.1187668449002,146.48366475193424
95.95096872979875,2989.112227486452,418.7003003412282,125.98618508296771,128.56488779641185,143.25119809744496
98.13813469178359,3019.0552470438925,424.4923080696187,125.97341986408586,130.85058072694812,142.58718206015362
102.83968399053694,3021.2468254547,432.37322530951553,125.97339649121318,132.2922408360281,141.09861929963057
102.82976001988828,3019.632464545842,434.37131476256906,127.12766663725766,130.8615332968203,140.30533764839598
103.4491326441815,3023.0723229594487,447.9760937242501,129.46142235622858,134.34659546990622,140.80298664524213
100.0844180813992,3015.298425043045,434.50531279919005,124.71478696061226,132.43289680048704,140.39786379423353
104.07677906048421,3030.9151616466424,439.7524827751472,126.98009255870495,135.24411106759928,141.06873393642357
102.92121907493387,3058.441496055368,446.14832622140904,125.96832906560333,135.06881478877645,141.51381820118806
107.24059338779985,3057.3169245220593,456.87816971185,127.95505051655299,137.58134979155608,142.0231046936677
106.9527320406401,3052.225504129843,452.26430448557795,128.25873168042466,138.42303724157358,142.1969641593411
109.05574480764417,3053.6726339561687,457.1173457731384,129.48058298763294,138.05920016542896,142.1227601020393
108.30438851513561,3038.9203818641317,467.21933296102884,131.82093504637405,140.55560163952103,143.22814632605187
108.7905850718338,3047.739047484642,468.59664618840554,132.3435699417563,138.96265819739313,141.24875322110356
105.09065337323396,3057.049842490454,453.8714320040652,129.79467813123154,137.36162204203168,138.46070975216438
106.45552296698575,3073.5652328508595,460.16702552172944,132.55004009141888,139.10023889109624,139.21194522239156
105.11983828422836,3051.1602591489636,438.68100321566146,131.48665016374522,139.7217773427962,140.3202598550513
102.19539020494423,3054.1469112041564,421.4929557841349,128.1377546539108,137.96200868456472,139.97487857615732
102.39534815347199,3068.174917419941,420.55220238993206,128.3879131539314,137.74718839213665,138.01444994196942
101.8171364217157,3068.256351272431,415.7294511005208,125.53170598595561,135.66347477108033,137.91501014033886
100.08469009440542,3044.025287294113,429.3568210611182,126.5551712400259,136.53816894542527,137.0144747747708
101.6771609294431,3061.888741328756,435.95184471509214,128.56068511120247,138.81078288813097,137.7768047845361
96.05481087136334,3041.1879656878878,417.35575933838396,121.39495372349349,125.60953590853971,137.08506215561974
93.69098765050362,3031.78228676948,402.8612436524967,119.55625073217814,122.28259984878703,143.7616923833304
96.43308203223489,3038.6475220508464,404.5092792704295,127.73529110350832,122.16766101052141,142.52246349305787
96.19967003592096,3021.2534115556027,411.1174265719627,132.67213400733,124.45954280384016,142.6474433726779
98.48910976028125,3030.9551898948985,407.3215574264287,133.07269101410498,124.08106597471934,144.63504619567416
108.160090552229,3031.625069018378,423.39296094454295,137.2126206437083,126.30721619979084,145.77436553516952
107.83206062243218,3023.0723229594487,434.3986828831458,138.06655979570363,127.49140273422793,147.00401999522316
112.19123485668128,2973.170386803002,448.9200744345929,138.6112342078799,129.10208975579752,147.89244004310288
111.96859817772066,2968.363040834338,456.87816971185,139.94715753854504,130.2166886809567,149.18860567598992
113.47523136400284,2967.640464182169,458.82163982531836,142.7037739954719,130.97241922948652,148.83030743878564
113.59191975189515,2969.37359344749,464.9017986285295,142.07614486344144,131.8369885913737,148.04820462912116
113.49065647357125,2992.2521505283,468.66026861785383,140.5895290339437,130.23707147251508,146.62432852874596
118.58324391160538,3003.589929161716,482.4182861850207,143.56126569196536,132.5939147464384,149.01718815510196
116.81388322163671,2969.4488306294943,486.1308886579668,142.65160060709405,132.29946539643817,148.33880075120436
119.87964990915688,2958.9559354784133,495.38308796688085,145.79808768221895,133.62114090593766,150.41460952734033
118.028442489074,2942.068896651031,487.8003714004274,143.1852134689392,134.617633052652,152.57719757969147
119.87735988742351,2930.6467503375807,493.9306410954418,143.12263184150032,136.99897518204972,152.843544275592
120.61058669842525,2932.059717721647,491.88030394419036,145.18226477356558,135.3070508427745,152.88217835268958
121.51095667675236,2902.0375023593483,502.8803084120657,146.12646189356494,136.2507564555626,154.35105096034658
119.14326171031637,2918.738590397836,498.25271957045845,143.90134253168202,136.97465907259638,153.9202253818861
122.52016274761495,2914.773073890833,486.1308886579668,146.70964541402643,138.4907933564479,155.13157667583343
122.30854121887266,2918.746689050833,476.85892060138997,146.74131279593658,136.6890614083419,155.1798124512498
122.6463846085508,2902.108385957193,481.5021208312536,147.72690667045157,136.41073843830594,155.57308669274616
122.01242689671422,2914.665817441638,477.2883986102317,147.0313191358224,137.19517362745114,155.6556315433474
123.86293953759923,2955.831964076245,480.47148038573744,146.32842858401332,134.99405070705998,156.40925600403517
121.16123617804021,2974.1354876389123,466.86575445470515,146.08666789263884,132.52708727673806,158.55738649197758
121.39557748034261,2967.6643919065086,466.85159030180466,147.03684672731868,131.8657241553042,160.5506796653095
118.5688067709355,2967.4439440549004,454.3406843409212,144.8438881603453,129.2673525479634,161.1053468520101
118.38860167401076,2955.5759489536026,464.840518787279,146.87228383999172,130.98781936227695,161.39141969837095
117.52164057137065,2929.2473164743815,454.34899819283123,144.58376487656062,130.23631743481846,161.10345153548298
128.84363409174716,2893.2943611900037,465.45621876491833,146.87384633667318,137.0037462150259,160.6303791460561
128.92816280912263,2893.2715113348245,473.9246788830233,147.4207912246365,134.98987427449563,161.9584584784124
134.40714261224244,2877.723986282801,465.45621876491833,145.8896653121447,133.28806915152703,163.50768682565217
137.62472857415224,2886.7080533541657,475.6865280475855,147.4646016945581,132.51708543621262,164.71356251388673
138.18714145380747,2883.5847094901615,479.98031578539167,148.82105474435176,132.5704124942143,163.6233327234267
137.97754496201142,2886.4204264755635,482.5578268998184,147.42021275822233,131.93825872639871,162.910423100627
139.61854210759435,2894.0427678850574,488.4832318636917,150.2004931132732,132.71372219944783,163.34458511595778
138.89831689170344,2877.653102684956,499.57461401955663,154.06812337290904,135.7998756212164,162.74078029964392
143.40134163509813,2866.0018089134833,495.38308796688085,153.8696166967241,136.64427870402693,162.72605871296926
135.60056816002916,2832.384421329779,480.47148038573744,152.60526208823384,138.39772330899518,160.37089193246123
139.9094607917464,2789.19773884087,488.9605220277099,153.8559977660129,140.4199078278105,160.77595249093508
139.59904195569572,2771.1243526326693,487.35744389574575,153.41826298405596,141.49025234141916,162.14067743522278
143.4027717666663,2820.892623155092,491.74618429123115,153.4134881124366,141.52103590287697,163.21038945830347
146.0813346515949,2905.2634011997884,493.0945033165505,153.34485832836182,140.369622791375,163.4551399007734
148.7568920716424,2911.0247872102436,494.0659026528497,153.3751202696734,140.23127542300122,163.7498312313752
147.4081554427802,2883.635368003935,494.0659026528497,151.92756958942985,139.69495753832393,163.5473286678543
138.635794300718,2830.6456562178073,481.5021208312536,150.19672842428045,138.15902976830728,162.68534274439276
135.31828418916007,2788.6955190701915,475.1989101741887,148.4704286462208,138.91302554081233,160.09375764118184
136.00714040466067,2770.9670620493325,479.0679441287544,144.57586962406663,136.3912137952487,160.8603872550455
138.64451893673692,2730.4283880399194,491.61092273382326,145.5185817385704,135.75437186597108,160.0509690474773
146.18235434341568,2702.639251712663,521.3058132487096,149.10263049494438,138.83914607139874,161.13708215203533
149.25973991812018,2775.6188650084914,530.1645298785819,151.37241538281165,140.94701886969995,160.0791468663201
148.53804311776017,2829.7045369418447,542.2214147424154,153.7311833546787,142.27928762417622,161.2262770729947
148.0184622890511,2865.8547399292142,546.8910610237696,155.17695428890624,142.07815074467672,162.15938011114204
146.64451755064198,2910.883073107915,546.8910610237696,154.64986924311134,142.79193471559543,164.30389430064065
158.7380570860585,2921.934503338802,562.3953390086734,153.15651359819637,142.49099808725327,166.9507540939556
160.17362634462435,2950.4251754878596,559.170385902435,151.70830742597695,141.4692784454232,166.07987350524192
162.66597915904492,2989.105641385549,569.6158314325025,153.49742695014933,143.48094224833994,166.8398938083663
174.22397798685188,3004.6411426840937,593.415559362434,155.31186456016925,146.3813433300855,171.48300849824608
168.1940843391097,2975.4488317833548,594.9879325572416,154.7837499043929,145.99299850031636,172.8340456597024
168.4111513942825,3014.817626268001,597.1378184280334,156.03155750712574,147.04019212615222,173.94156884626088
178.29171270459034,2957.95042767055,611.9552747706936,156.87169738743776,148.69921831072952,173.92519589682473
180.32901546809083,3014.897785389094,614.426937619028,157.74649638866313,151.86928268681115,190.42962592958617
177.24946765558514,3027.0860701030224,608.6644660162322,159.11200398830601,152.188734232579,187.42008319035236
177.82916846324818,3038.9235206719018,622.8440044836506,161.261946552717,153.50961342578577,187.143010544121
172.0606325910087,3047.742186292412,625.8890768733343,159.01781951748717,151.46029590992967,187.86777170320497
167.85757044680244,3041.181379586985,614.426937619028,155.30323810609843,140.0915445791337,184.17685931983144
170.47972529642692,3027.3322941905535,628.3131084692168,159.28886367460004,141.1615116146102,186.8990269726722
177.65896276549276,3046.000443482967,659.6212615789425,171.81126118085695,142.38192093170267,185.79073831359017
174.232347395895,3069.259286460486,691.1987505658151,170.31690669139084,143.67751235776535,183.42204172361176
167.86905381868556,3057.0776511490485,680.2215172600165,169.15084649265995,144.1001023249507,183.40942178092786
170.93534524716623,3044.01870119321,698.7703859118052,170.5168339818133,145.5384723931128,183.73758871152268
169.913250677228,3038.6809641981995,718.9461623296615,170.02451348476376,145.9305014070414,184.7861003927843
172.47941853658548,3054.1803533515094,718.9604324454897,174.45386467878677,148.99942868701817,186.34133167830976
172.0560744634305,3084.81406780261,723.7078679157289,172.42869765768114,147.6091415231634,185.8504550162334
171.54104018043773,3062.1033718266967,718.9461623296615,168.63496066871087,145.13873934234542,183.69729428525793
178.69935399078395,3080.0640155290484,736.5511074190755,170.98828905395212,145.94071748445725,183.56773761681882
177.24984358445815,3077.798163459129,736.5511074190755,170.00740464272897,142.80811193550738,186.49282385708688
173.87162182969715,3048.108454417072,723.7078679157289,169.50174877332017,140.51766079050793,187.64270408324714
165.82287565549285,3027.0860701030224,723.7078679157289,167.07426428078344,141.14114229480452,184.22617979403083
164.29059288334568,3031.542065845546,672.7187157912015,168.59140547951168,142.54942068075698,179.7026631482928
181.858687285688,2992.714040988198,782.7551659847632,174.58135123252964,144.0929677893371,184.21079568352408
176.51960642151278,3015.331867190398,785.4550953149062,174.98249226610864,143.96044157826114,185.71625876808443
176.00807644280883,3041.181379586985,788.1624233287215,174.7345208813683,137.56952497744578,184.1352894945682
177.99722002346542,3077.7558943799345,784.3597366092898,173.53809853216995,138.88444683904794,184.86096218631408
176.54057210682015,3074.41498532945,774.0206087768555,173.15697847549987,136.38324856349595,185.30512868779547
192.52793990621444,3069.259286460486,788.326116221028,176.75631010493504,138.4590819436681,185.03096553568258
202.63752921496717,3047.742186292412,819.9280070910208,178.217247018138,137.1440687912978,188.2037314095437
205.3575104616138,3048.330644314191,849.3576553557132,177.57332264291136,133.34841109405247,193.05915287970174
202.7574866383467,3027.3225692818805,856.8748714613031,174.19281713410527,132.72030623056364,193.1423352769952
210.62764706531777,3034.264811856513,883.6700145106192,173.51894974600603,131.4012468474515,196.1617894963363
211.3747807671463,3019.632464545842,922.9303691546406,176.8202598309372,134.37659909761172,196.53977676462057
207.39095499989222,3057.1270770626675,872.0496761758001,175.36149576472815,135.41230121804992,195.95537090973494
198.39084723945405,3015.256399089985,854.6987065545801,171.96534629231792,137.67018811802657,191.73292324307408
202.75911064270767,3070.611596970453,915.5962156782609,175.3915689405466,138.49283619304703,197.78146165073014
194.7943170932407,3074.5850212323367,905.3912594774436,176.56736362073,139.78660342756237,196.6990396226643
187.0613732387115,3064.7459650306464,876.1515742939131,178.7548233231559,143.09885745286724,193.4269238305551
191.05812221968154,3044.8014870783772,875.1068737842587,174.4187349477136,141.18008387585462,191.06915381620956
190.64911197855378,3023.0657368585457,881.2322731031555,174.47293691147325,147.67919934880297,191.6834975105029
181.85738053023886,3044.8224082716592,890.9757413049783,175.92334105204966,147.03862379246402,193.09335745101035
179.72848290550306,3052.260252311898,900.270287497444,178.14241213927386,148.73771174127992,193.95830864936326
178.68314620469107,3088.7034525286176,910.8456722545659,178.15602266449875,147.60212903173561,191.89865099164405
179.64926518904963,3113.8731895544583,939.036355596092,178.8694701542065,150.77219377957022,190.83684882746036
178.63246242773775,3107.9761454382965,945.8449401694216,179.71148460276373,150.06999802326817,188.79277482797315
177.8688124691927,3140.766323127116,921.9419322501241,178.2977605876982,150.66972497308305,188.4954500240911
179.59087735272445,3147.9914051882333,899.11039169899,179.8212215774019,150.8698792224679,190.79746568801403
